{"count":10,"results":[{"id":1,"challenge_id":1,"type":"static","content":"flag{w3b_br34k}","data":""},{"id":2,"challenge_id":2,"type":"static","content":"flag{crypt0_fr33}","data":""},{"id":3,"challenge_id":3,"type":"static","content":"flag{0verm0de}","data":""},{"id":4,"challenge_id":4,"type":"static","content":"flag{c1rcu1t_d3c0d3}","data":""},{"id":5,"challenge_id":5,"type":"static","content":"flag{d3c0d3d_pixel}","data":""},{"id":6,"challenge_id":6,"type":"static","content":"flag{n3tw0rk_br34ch}","data":""},{"id":7,"challenge_id":7,"type":"static","content":"flag{b0tn3t_0verr1d3}","data":""},{"id":8,"challenge_id":8,"type":"static","content":"flag{0s1nt_gh0st}","data":""},{"id":9,"challenge_id":9,"type":"static","content":"flag{synth3t1c_k3y}","data":""},{"id":10,"challenge_id":10,"type":"static","content":"flag{scr1pt_s3cr3t}","data":""}],"meta":{}}