{"count":30,"results":[{"id":1,"challenge_id":2,"user_id":2,"team_id":1},{"id":2,"challenge_id":2,"user_id":10,"team_id":2},{"id":3,"challenge_id":7,"user_id":10,"team_id":2},{"id":4,"challenge_id":7,"user_id":16,"team_id":3},{"id":5,"challenge_id":1,"user_id":16,"team_id":3},{"id":6,"challenge_id":4,"user_id":16,"team_id":3},{"id":7,"challenge_id":3,"user_id":3,"team_id":1},{"id":8,"challenge_id":4,"user_id":3,"team_id":1},{"id":9,"challenge_id":10,"user_id":3,"team_id":1},{"id":10,"challenge_id":8,"user_id":21,"team_id":5},{"id":12,"challenge_id":8,"user_id":19,"team_id":4},{"id":13,"challenge_id":6,"user_id":12,"team_id":3},{"id":14,"challenge_id":9,"user_id":13,"team_id":3},{"id":15,"challenge_id":6,"user_id":5,"team_id":1},{"id":16,"challenge_id":5,"user_id":15,"team_id":3},{"id":17,"challenge_id":5,"user_id":4,"team_id":1},{"id":18,"challenge_id":8,"user_id":4,"team_id":1},{"id":19,"challenge_id":4,"user_id":10,"team_id":2},{"id":20,"challenge_id":8,"user_id":8,"team_id":2},{"id":21,"challenge_id":10,"user_id":11,"team_id":2},{"id":22,"challenge_id":3,"user_id":14,"team_id":3},{"id":23,"challenge_id":3,"user_id":18,"team_id":4},{"id":24,"challenge_id":6,"user_id":18,"team_id":4},{"id":25,"challenge_id":10,"user_id":17,"team_id":4},{"id":26,"challenge_id":4,"user_id":19,"team_id":4},{"id":27,"challenge_id":3,"user_id":20,"team_id":5},{"id":28,"challenge_id":6,"user_id":20,"team_id":5},{"id":29,"challenge_id":7,"user_id":20,"team_id":5},{"id":30,"challenge_id":2,"user_id":21,"team_id":5},{"id":31,"challenge_id":5,"user_id":21,"team_id":5}],"meta":{}}