{"count":6,"results":[{"id":1,"oauth_id":null,"name":"Neon Syndicate","email":null,"password":"$bcrypt-sha256$v=2,t=2b,r=12$9l6Ry.R3ZDQ6eYodqZYQou$oRn0rtqVmQBmOXkBzIU8MBbVDP.yySC","secret":null,"website":null,"affiliation":null,"country":null,"hidden":0,"banned":0,"created":"2024-10-21T01:17:45.976187","captain_id":2,"bracket_id":null},{"id":2,"oauth_id":null,"name":"Chrome Collective","email":null,"password":"$bcrypt-sha256$v=2,t=2b,r=12$V7P5WNj.9pcFhJB936b3yu$e8ouUSXzTrIP8R0fuIDK5yWx2mvUoGO","secret":null,"website":null,"affiliation":null,"country":null,"hidden":0,"banned":0,"created":"2024-10-21T01:18:02.638564","captain_id":7,"bracket_id":null},{"id":3,"oauth_id":null,"name":"Quantum Outlaws","email":null,"password":"$bcrypt-sha256$v=2,t=2b,r=12$7Yr3bd7wgrqu0U4dzDmCSe$0vSG7ghE58SNa4uefMtXpkmpV7qBZAC","secret":null,"website":null,"affiliation":null,"country":null,"hidden":0,"banned":0,"created":"2024-10-21T01:18:26.706613","captain_id":12,"bracket_id":null},{"id":4,"oauth_id":null,"name":"CyberShadows","email":null,"password":"$bcrypt-sha256$v=2,t=2b,r=12$UmuB8pC8gOh8f07EAt8qKe$4Sp8acLSsd90iNeMRYZsSiyuqXWpNMK","secret":null,"website":null,"affiliation":null,"country":null,"hidden":0,"banned":0,"created":"2024-10-21T01:18:41.588512","captain_id":17,"bracket_id":null},{"id":5,"oauth_id":null,"name":"TechnoRebels","email":null,"password":"$bcrypt-sha256$v=2,t=2b,r=12$7jhmoAn0Rw.OigIi1tXQ/.$QEZ6UmRUxFEOCy0lXwapjbUZSkL2fju","secret":null,"website":null,"affiliation":null,"country":null,"hidden":0,"banned":0,"created":"2024-10-21T01:18:57.040022","captain_id":20,"bracket_id":null},{"id":6,"oauth_id":null,"name":"Cyber Hacktics","email":null,"password":"$bcrypt-sha256$v=2,t=2b,r=12$mAL5FvoSW/1GUglOvjxjtu$dZ0BNdqdbO6S/GowUAWDlayyEpnc3tO","secret":null,"website":null,"affiliation":null,"country":null,"hidden":1,"banned":0,"created":"2024-10-21T01:44:56.486127","captain_id":1,"bracket_id":null}],"meta":{}}