{"count":21,"results":[{"id":1,"oauth_id":null,"name":"syyntax","password":"$bcrypt-sha256$v=2,t=2b,r=12$pPnZrN1PBlLH9rH84H4L6.$QXs5IbU.8Eb8V3CwaAfufKUI7UC7PaS","email":"jason.scott@cyberhacktics.com","type":"admin","secret":null,"website":null,"affiliation":null,"country":null,"hidden":1,"banned":0,"verified":0,"team_id":6,"created":"2024-10-20T13:55:38.954130","language":null,"bracket_id":null},{"id":2,"oauth_id":null,"name":"NeonSpectre","password":"$bcrypt-sha256$v=2,t=2b,r=12$fCBvVqa5hLLx6ZgnynqDk.$uIIz7.nyG7PnKCwWfmYvxs/Qkdy8Uzm","email":"neonspectre@example.com","type":"user","secret":null,"website":null,"affiliation":null,"country":null,"hidden":0,"banned":0,"verified":0,"team_id":1,"created":"2024-10-21T01:11:15.285160","language":null,"bracket_id":null},{"id":3,"oauth_id":null,"name":"CyberVortex","password":"$bcrypt-sha256$v=2,t=2b,r=12$7K1MvqFOhtuo0fZuUHIz1O$IVSni4dqfygFIDQ12H6ZukgD5hCxTR2","email":"cybervortex@example.com","type":"user","secret":null,"website":null,"affiliation":null,"country":null,"hidden":0,"banned":0,"verified":0,"team_id":1,"created":"2024-10-21T01:11:46.843466","language":null,"bracket_id":null},{"id":4,"oauth_id":null,"name":"QuantumRebel","password":"$bcrypt-sha256$v=2,t=2b,r=12$RRbziOW5JaIdKMjlkhqoze$9Gu31b1W0ua3ZeXFwn2uAFDLMN1Hvc.","email":"quantumrebel@example.com","type":"user","secret":null,"website":null,"affiliation":null,"country":null,"hidden":0,"banned":0,"verified":0,"team_id":1,"created":"2024-10-21T01:12:07.971325","language":null,"bracket_id":null},{"id":5,"oauth_id":null,"name":"ElectricNinja","password":"$bcrypt-sha256$v=2,t=2b,r=12$MxT0PF9ZLvLJSV/pU4g62.$S8yj0QctoX522NGSDxNsflCNhLP4KPy","email":"ElectricNinja@example.com","type":"user","secret":null,"website":null,"affiliation":null,"country":null,"hidden":0,"banned":0,"verified":0,"team_id":1,"created":"2024-10-21T01:12:42.264299","language":null,"bracket_id":null},{"id":6,"oauth_id":null,"name":"PixelShad0w","password":"$bcrypt-sha256$v=2,t=2b,r=12$A2t9rriBuvvHE.95/8H.2e$uC3AP.0hXv8w0G8QHHVBh06LjmMzbP.","email":"PixelShad0w@example.com","type":"user","secret":null,"website":null,"affiliation":null,"country":null,"hidden":0,"banned":0,"verified":0,"team_id":1,"created":"2024-10-21T01:13:08.126258","language":null,"bracket_id":null},{"id":7,"oauth_id":null,"name":"GlitchWyrm","password":"$bcrypt-sha256$v=2,t=2b,r=12$yTWAWye92kbTgtf52z5BZO$WD5uudtehiwy7sXlGHJz/hcEj0ptDy6","email":"GlitchWyrm@example.com","type":"user","secret":null,"website":null,"affiliation":null,"country":null,"hidden":0,"banned":0,"verified":0,"team_id":2,"created":"2024-10-21T01:13:22.982099","language":null,"bracket_id":null},{"id":8,"oauth_id":null,"name":"CircuitHunter","password":"$bcrypt-sha256$v=2,t=2b,r=12$MFvG/cEZsjkJj19jXrY3oe$8p43M0ZShgu/RXWAvXHbp4bxnGkuF6O","email":"CircuitHunter@example.com","type":"user","secret":null,"website":null,"affiliation":null,"country":null,"hidden":0,"banned":0,"verified":0,"team_id":2,"created":"2024-10-21T01:13:39.842488","language":null,"bracket_id":null},{"id":9,"oauth_id":null,"name":"SynthGhost","password":"$bcrypt-sha256$v=2,t=2b,r=12$ElKR/7YPqxZ/XfdJ6eTxpu$mZuP4C9hvaHB7KSmNGxSzmgR7hyacxC","email":"SynthGhost@example.com","type":"user","secret":null,"website":null,"affiliation":null,"country":null,"hidden":0,"banned":0,"verified":0,"team_id":2,"created":"2024-10-21T01:13:56.327289","language":null,"bracket_id":null},{"id":10,"oauth_id":null,"name":"ByteRunner","password":"$bcrypt-sha256$v=2,t=2b,r=12$W0WsPrIOCHsBr1fFvoKsMO$NvTtyrY9D.aVtX2HmlJuo7FsP8uVr7u","email":"ByteRunner@example.com","type":"user","secret":null,"website":null,"affiliation":null,"country":null,"hidden":0,"banned":0,"verified":0,"team_id":2,"created":"2024-10-21T01:14:12.429721","language":null,"bracket_id":null},{"id":11,"oauth_id":null,"name":"HoloRogue","password":"$bcrypt-sha256$v=2,t=2b,r=12$8XUOc7VlgfMkqT36cysrxe$fH9aHX1FqQ60s8V5TPWkUSIRxL/tlXy","email":"HoloRogue@example.com","type":"user","secret":null,"website":null,"affiliation":null,"country":null,"hidden":0,"banned":0,"verified":0,"team_id":2,"created":"2024-10-21T01:14:27.032196","language":null,"bracket_id":null},{"id":12,"oauth_id":null,"name":"TechSavant","password":"$bcrypt-sha256$v=2,t=2b,r=12$azfFmB4HSgWaNb.i.czKzu$Fv6Yz4DZPJjCz4a4Q8krZh6vsO1guRq","email":"TechSavant@example.com","type":"user","secret":null,"website":null,"affiliation":null,"country":null,"hidden":0,"banned":0,"verified":0,"team_id":3,"created":"2024-10-21T01:14:41.255887","language":null,"bracket_id":null},{"id":13,"oauth_id":null,"name":"GridPhantom","password":"$bcrypt-sha256$v=2,t=2b,r=12$RU1GyPBid2rQ35Vj26/Xue$Pfxv5dDrcvl2LEhVZjvQiq3XFuJiI9W","email":"GridPhantom@example.com","type":"user","secret":null,"website":null,"affiliation":null,"country":null,"hidden":0,"banned":0,"verified":0,"team_id":3,"created":"2024-10-21T01:14:58.252187","language":null,"bracket_id":null},{"id":14,"oauth_id":null,"name":"NeonNyx","password":"$bcrypt-sha256$v=2,t=2b,r=12$8iaKtT1C.QHe9iZxqzkxdu$sNdSWoRDObqlC1qFejlHuTKdcD3CR5O","email":"NeonNyx@example.com","type":"user","secret":null,"website":null,"affiliation":null,"country":null,"hidden":0,"banned":0,"verified":0,"team_id":3,"created":"2024-10-21T01:15:13.544970","language":null,"bracket_id":null},{"id":15,"oauth_id":null,"name":"CyberSilhouette","password":"$bcrypt-sha256$v=2,t=2b,r=12$aHbeXslpDoeAJiqEVwRK5O$NzidrFRKMny4f8wplDlpY8ObNKGTl0O","email":"CyberSilhouette@example.com","type":"user","secret":null,"website":null,"affiliation":null,"country":null,"hidden":0,"banned":0,"verified":0,"team_id":3,"created":"2024-10-21T01:15:33.559951","language":null,"bracket_id":null},{"id":16,"oauth_id":null,"name":"DigitalRonin","password":"$bcrypt-sha256$v=2,t=2b,r=12$58Rx2lr0A8ApOAbQl/3vvO$NCfWxdcoaIy.dsznS3NCgfDxF2ftKIK","email":"DigitalRonin@example.com","type":"user","secret":null,"website":null,"affiliation":null,"country":null,"hidden":0,"banned":0,"verified":0,"team_id":3,"created":"2024-10-21T01:15:50.465639","language":null,"bracket_id":null},{"id":17,"oauth_id":null,"name":"HyperLink","password":"$bcrypt-sha256$v=2,t=2b,r=12$aBbpzi/Rtxt6QUSnwOCFZu$3.p6/VzXju2PPUbCvFDg1FWbs7KG/Hi","email":"HyperLink@example.com","type":"user","secret":null,"website":null,"affiliation":null,"country":null,"hidden":0,"banned":0,"verified":0,"team_id":4,"created":"2024-10-21T01:16:05.947618","language":null,"bracket_id":null},{"id":18,"oauth_id":null,"name":"CyberneticDreamer","password":"$bcrypt-sha256$v=2,t=2b,r=12$i76PzfrwyPvqW7dOpUVew.$XxJpgT9fUD/GLgCPLQCthKaDIBUSRAO","email":"CyberneticDreamer@example.com","type":"user","secret":null,"website":null,"affiliation":null,"country":null,"hidden":0,"banned":0,"verified":0,"team_id":4,"created":"2024-10-21T01:16:22.346208","language":null,"bracket_id":null},{"id":19,"oauth_id":null,"name":"ViralEcho","password":"$bcrypt-sha256$v=2,t=2b,r=12$ECWe868raaGAvs/cY2hol.$u9jmdKjbBXG/iwSToNrkpYmmJI2j1V6","email":"ViralEcho@example.com","type":"user","secret":null,"website":null,"affiliation":null,"country":null,"hidden":0,"banned":0,"verified":0,"team_id":4,"created":"2024-10-21T01:16:34.223288","language":null,"bracket_id":null},{"id":20,"oauth_id":null,"name":"ChromeSamurai","password":"$bcrypt-sha256$v=2,t=2b,r=12$HxjVimXlQvr6mhxYyx3m1.$oMUdCBCvCvn0D4f2ZlHUMyp6.9IdYJa","email":"ChromeSamurai@example.com","type":"user","secret":null,"website":null,"affiliation":null,"country":null,"hidden":0,"banned":0,"verified":0,"team_id":5,"created":"2024-10-21T01:16:51.411033","language":null,"bracket_id":null},{"id":21,"oauth_id":null,"name":"LuminousCipher","password":"$bcrypt-sha256$v=2,t=2b,r=12$Kw1qBEXfvwnVytDwSzjCRO$OIjEtEs8LPY8pticGENF/kotZW0WAoS","email":"LuminousCipher@example.com","type":"user","secret":null,"website":null,"affiliation":null,"country":null,"hidden":0,"banned":0,"verified":0,"team_id":5,"created":"2024-10-21T01:17:06.038978","language":null,"bracket_id":null}],"meta":{}}